START_LOAD,Result
0,3.67951225185
1,4.29262254381
2,7.32567565338
3,17.4350733471
4,38.8924788606
5,59.8574463513
