START_LOAD,Result
0,7.25229415532
1,19.3653724494
2,63.888748108
3,166.13892089
4,299.124775431
5,358.156100232
