START_LOAD,Result
0,3286.35748373
1,3882.48221085
2,6835.36263546
3,14970.9761745
4,25991.7903378
5,30879.419202
