K_TARGET,Result
2,0.981994115572
4,0.95575077499
6,0.922760918574
8,0.878269695746
10,0.807474927178
12,0.687803183833
14,0.511893918009
16,0.318568511224
