TOTAL_BLOBS,Result
6,46.5316679343
12,103.628051372
18,162.030171199
24,221.106251746
30,280.455943803
36,339.877591483
42,399.263888216
48,458.569017281
54,517.785089694
60,576.925764756
