START_LOAD,Result
0,17.7921383549
1,24.5951026268
2,46.5316679343
3,93.8009597676
4,151.684421078
5,173.647742037
