START_LOAD,Result
0,354.814228391
1,368.94240336
2,454.42040888
3,777.947893378
4,1393.40781935
5,1744.25699575
