START_LOAD,Result
0,7.95214688399
1,7.81798425831
2,7.4664354454
3,7.17238219404
4,7.56007669548
5,8.38617162344
