START_LOAD,Result
0,0.998903598982
1,0.992679319937
2,0.95575077499
3,0.815029719499
4,0.49720090359
5,0.194570301296
