START_LOAD,Result
0,0.98720228701
1,0.957906098237
2,0.849999364089
3,0.60130125009
4,0.281310278987
5,0.138897155949
